<?xml version="1.0" encoding="UTF-8"?>
<project-private xmlns="http://www.netbeans.org/ns/project-private/1">
    <editor-bookmarks xmlns="http://www.netbeans.org/ns/editor-bookmarks/2" lastBookmarkId="0"/>
    <open-files xmlns="http://www.netbeans.org/ns/projectui-open-files/2">
        <group>
            <file>file:/C:/Users/smart/OneDrive/Documents/NetBeansProjects/SongPlaylistCA/src/songplaylistca/Classes/SongsClass.java</file>
            <file>file:/C:/Users/smart/OneDrive/Documents/NetBeansProjects/SongPlaylistCA/src/songplaylistca/Classes/SongPlaylistApp.java</file>
            <file>file:/C:/Users/smart/OneDrive/Documents/NetBeansProjects/SongPlaylistCA/src/songplaylistca/Classes/PlaylistGUI.java</file>
            <file>file:/C:/Users/smart/OneDrive/Documents/NetBeansProjects/SongPlaylistCA/src/songplaylistca/Classes/QueueInterface.java</file>
            <file>file:/C:/Users/smart/OneDrive/Documents/NetBeansProjects/SongPlaylistCA/src/songplaylistca/Classes/GenreMoveInterface.java</file>
            <file>file:/C:/Users/smart/OneDrive/Documents/NetBeansProjects/SongPlaylistCA/src/songplaylistca/Classes/PlaylistQueue.java</file>
        </group>
    </open-files>
</project-private>
